1,3Com,http://www.l-3com.com/careers/job-search.html
2,Adobe,http://www.adobe.com/in/careers.html
3,ADP,http://www.adp.com/careers/indiacareers.aspx
4,Airbnb.com/jobs,https://www.airbnb.co.in/careers
5,akamai,https://www.akamai.com/us/en/about/careers/
6,Alcatel,https://www.alcatel-lucent.com/careers
7,All State Insurance,https://www.allstate.com/careers.aspx
8,Amazon,http://www.amazon.jobs/
9,AMD,http://www.amd.com/en-us/who-we-are/careers
10,AOL,http://jobs.aol.com/
11,Appcelerator,http://www.appcelerator.com/company/jobs/
12,appdynamics,https://www.appdynamics.com/company/careers/
13,Appirio,http://appirio.com/company/careers/
14,Apple,http://www.apple.com/jobs/us/
15,AppSpark,https://www.glassdoor.co.in/Job/AppSpark-Jobs-E427470.htm?&countryRedirect=true
16,Arista,https://www.arista.com/en/careers
17,Ask Partner Network,https://www.linkedin.com/company/ask-partner-network-apn-llc-
18,Atari,https://www.atari.com/corporate/careers
19,Atlassian,https://www.atlassian.com/company/careers
20,Atmel,http://www.atmel.com/About/careers/default.aspx
21,ATT,http://att.jobs/
22,Autodesk,http://usa.autodesk.com/adsk/servlet/pc/index?id=1060484&siteID=123112
23,Aviary,http://www.aviary.org/jobs
24,Badgeville (www.badgeville.com),https://badgeville.com/company/careers/
25,Barracuda networks,https://www.barracuda.com/
26,Bizzy,https://angel.co/bizzy-2/jobs
27,Bloomberg,http://www.bloomberg.com/careers/
28,Bookrenter.com,https://www.bookrenter.com/jobs
29,BOSCH,https://www.bosch-career.in/en/
30,Box,https://www.box.com/careers/
31,BroadCom,https://jobs.broadcom.com/
32,Brocade,http://www.brocade.com/en/about-us/careers.html
33,BuzzFeed,http://www.buzzfeed.com/about/jobs
34,cadence,http://www.cadence.com/cadence/careers/Pages/default.aspx
35,Canon,http://www.canon.co.in/personal/web/company/about/careers
36,Causes (www.causes.com),http://www.indeed.com/q-Causes-jobs.html
37,CBS corp,http://cbscorporation.jobs/
38,Cellular,http://jobs.cellular-news.com/
39,Cisco,https://jobs.cisco.com/
40,Cisco Media Solutions Group (www.ciscoeos.com),
41,Citrix,https://jobs.citrix.com/
42,citrix systems,https://jobs.citrix.com/
43,Clockspot.com,
44,Cloudera,http://www.cloudera.com/about-cloudera/careers.html
45,cloudHQ (www.cloudHQ.net),
46,Comcast,
47,Compaq,http://www8.hp.com/us/en/jobs/index.html?jumpid=va_jtfz1bkq3m
48,ConstantContact.com,
49,Coupons,http://www.quotient.com/careers/
50,Cox,https://www.cox.com/aboutus/careers.html
51,CrowdFlower,http://www.crowdflower.com/careers
52,D-link,http://dlink.co.in/corporate/employ/
53,Dell,http://jobs.dell.com/in/hyderabad-jobs
54,Deloitte,https://careers.deloitte.com/jobs/eng-IN?icid=top_job-search
55,Delphi,http://www.delphi.com/careers
56,Demand Media,http://www.demandmedia.com/about-us/careers/
57,Disney,http://india.disneycareers.com/en/default/
58,drobo,http://www.drobo.com/careers/
59,drop box,https://www.dropbox.com/jobs
60,DropBox,https://www.dropbox.com/jobs
61,E-Bay,https://careers.ebayinc.com/join-our-team/start-your-search/
62,EA,http://careers.ea.com/
63,ebay,https://careers.ebayinc.com/join-our-team/start-your-search/
64,EMC,http://www.emc.com/careers/index.htm
65,Encoding.com (PM,
66,Ericsson,http://www.ericsson.com/careers/job-opportunities
67,ESPN,http://espncareers.com/
68,Eventbrite,https://www.eventbrite.com/careers/
69,evernote,https://evernote.com/careers/
70,exactTarget,http://www.exacttarget.com/company/careers
71,expedia,http://expediajobs.findly.com/
72,Facebook,https://www.facebook.com/careers/
73,FactSet,http://www.factset.com/careers
74,fastsoft,https://www.glassdoor.co.uk/Job/FastSoft-Jobs-E379449.htm
75,FireEye,https://www.fireeye.com/company/jobs.html
76,Garmin,http://careers.garmin.com/en-US
77,Geeknet,https://www.linkedin.com/company/geeknet
78,Gigwalk,http://www.gigwalk.com/careers
79,Google,http://www.google.co.in/about/careers/
80,Google Chrome,https://www.google.com/about/careers/search
81,Graffiti,http://www.theartcareerproject.com/graffiti-career/420/
82,Grandstream Networks,
83,Groupon,
84,GuideWire,https://careers.guidewire.com/jobs
85,Guidewire Software,
86,Hitachi,http://www.hitachi.us/about/recruit/
87,HomeAway.com,https://www.homeaway.com/info/about-us/careers-1/career-opportunities
88,hotwire,www.hotwire.com/careers/index.jsp
89,HP,http://www8.hp.com/us/en/jobs/index.html?jumpid=va_jtfz1bkq3m
90,hulu,http://www.hulu.com/jobs
91,IBM,http://www-03.ibm.com/employment/
92,Identified (identified.com),
93,Idle Games (www.idle-games.com),
94,Informatica,
95,Infotech,http://careers.3i-infotech.com/jobs/
96,ING,http://www.ing.jobs/Global/Careers.htm
97,Intel,https://intel.taleo.net/careersection/10000/jobsearch.ftl
98,intergral,http://www.integral.co.uk/index.php/careers
99,intuit,http://careers.intuit.com/
100,Jasper Wireless,http://www.jasper.com/about-us/careers
101,JumpTap,http://www.jumptap.com/careers
102,Juniper Networks,http://www.juniper.net/us/en/company/careers/
103,Kabam- (https://www.kabam.com),
104,Klout (http://klout.com/careers),
105,kohls digital,
106,Lam Research,http://www.lamresearch.com/careers
107,Lenovo,http://www.lenovo.com/jobs/in/en/
108,Lextech Global Services (www.lextech.com),
109,Lextech Labs (www.lextechlabs.com),
110,LinkedIn,https://www.linkedin.com/job/home
111,Linksys,http://www.indeed.com/q-Linksys-jobs.html
112,Location Labs (location-labs.com),
113,LSI,http://www.indeed.com/q-Lsi-jobs.html
114,Marvel,http://marvel.disneycareers.com/en/default/
115,Marvell,http://www.marvell.com/company/careers/
116,Mathworks,http://www.mathworks.com/company/jobs/opportunities/
117,Meebo,http://www.startuphire.com/jobs/Meebo-jobs
118,Meridian Link,http://www.meridianlink.com/careers.asp
119,Micello,https://www.micello.com/
120,Microsoft,https://careers.microsoft.com/
121,MindJolt,http://www.mindjolt.com/perfect-hairdresser.html
122,Mindspark,http://www.indeed.com/q-Mindspark-jobs.html
123,Mixbook,http://www.mixbook.com/careers
124,Motorola,http://www.motorolacareers.com/
125,Mozes (www.mozes.com/go/job/web_engineer),
126,Mozilla (www.mozilla.com/about/careers.html),
127,Mr Youth,http://www.mryouth.com/contact/join
128,NetApp,http://www.netapp.com/in/careers/find-job/
129,Netflix,https://jobs.netflix.com/
130,Netgear,http://www.netgear.com/about/careers/
131,NI,http://www.nijobs.com/
132,Nokia,http://company.nokia.com/en/careers
133,Nokia Siemens,http://company.nokia.com/en/careers
134,Novellus Systems,"http://www.indeed.com/cmp/Novellus-Systems,-Inc"
135,Nvidia,http://www.nvidia.com/object/careers.html
136,OneTrueFan (www.onetruefan.com),
137,Ooyala (www.ooyala.com),
138,Oracle,https://www.oracle.com/corporate/careers/index.html
139,orbitz,https://www.glassdoor.co.in/Job/Orbitz-Worldwide-Jobs-E12146.htm?&countryRedirect=true
140,Palantir Technologies,
141,Palm/HP (www.palm.com/jobs),
142,Panasonic,http://www.panasonic.com/in/corporate/careers.html
143,paypal,https://www.paypal.com/in/webapps/mpp/jobs
144,Payvment,http://www.indeed.com/forum/cmp/Payvment.html
145,Philips,http://www.philips.co.in/a-w/careers/homepage.html
146,pinger,http://www.pinger.com/content/company/jobs/
147,Playdom,https://www.playdom.com/
148,PlayForge (theplayforge.com),
149,Pocket Gems (pocketgems.com),
150,polycom,http://careers.polycom.com/
151,pure storage,https://www.purestorage.com/company/careers.html
152,Q logic,http://qlogic.com/CompanyInfo/Careers/Pages/Careers.aspx
153,Qlogicï¿½,http://qlogic.com/CompanyInfo/Careers/Pages/Careers.aspx
154,Qualcomm,https://www.qualcomm.co.in/company/careers
155,Quantcast,https://www.quantcast.com/about-us/careers/
156,quora,https://www.quora.com/careers
157,rackspace,http://rackspace.jobs/
158,RapLeaf,https://careers.jobscore.com/careers/rapleaf
159,Red Hat,http://jobs.redhat.com/
160,Redolent,http://www.redolentech.com/about/careers/
161,RG Labs (http://www.rglabsinc.com/jobs),
162,riotGames,http://www.riotgames.com/careers
163,Riverbed Technology,
164,salesforce,http://www.salesforce.com/in/company/careers/
165,Salesforce.com,http://www.salesforce.com/in/company/careers/
166,SanDisk,https://www.sandisk.in/about/careers
167,SAP LABS,https://www.sap.com/careers/index.html
168,SeaGAte,http://www.seagate.com/in/en/jobs/
169,servicenow,http://jobsearch.naukri.com/servicenow-jobs
170,Siemens,http://www.siemens.co.in/en/jobs_careers/index.htm
171,Skout,http://www.skout.com/jobs
172,Skype (www.skypecareers.com),
173,Slashdot.org,
174,SMC networks,
175,Socialtext,
176,Sony,http://www.sonyjobs.com/
177,SourceForge.net,http://sourceforge.net/jobs
178,Splore.com,http://splore.org/about-us/jobs/
179,Sponge,http://spongeuk.com/current-vacancies/
180,Sprint,http://www.sprint.jobs/
181,square,https://squareup.com/careers
182,startupers.com,https://www.startupers.com/
183,StumbleUpon,http://corp.stumbleupon.com/jobs/
184,Sugar,http://jobsearch.naukri.com/sugar-jobs
185,SugarSync,https://www.sugarsync.com/company/careers.html
186,Symantec,https://www.symantec.com/about/careers/
187,T Mobile,https://tmobile.jobs/
188,Tapulous,https://www.glassdoor.co.in/Job/Tapulous-Jobs-E282215.htm?&countryRedirect=true
189,TCS,http://www.careers.tcs.com/CareersDesign/Jsps/CareersHome.jsp
190,Teradata,http://jobsearch.naukri.com/teradata-jobs
191,Tesla Motors,https://www.teslamotors.com/careers
192,TI,http://careers.ti.com/search-jobs/
193,Tibco software(lite),
194,TopProspect.com,
195,Toshiba,http://careers.toshiba-tjps.in/
196,TripIt.com,https://www.tripit.com/
197,TrueCar.com,http://careers.true.com/
198,Twitter,https://about.twitter.com/careers
199,Uber,https://www.uber.com/jobs
200,UHG,https://careers.unitedhealthgroup.com/search-jobs?inus=0
201,Unisys,http://www.unisys.com/about-us/careers
202,Vast.com,http://www.indeed.com/q-Vast-Com-jobs.html
203,Verizon,http://www.verizon.com/about/careers
204,viagogo,http://www.viagogo.com/in/Careers
205,visa,http://jobs.visa.com/
206,VMWare,http://jobsearch.naukri.com/vmware-jobs-in-hyderabad-secunderabad
207,Vodpod,https://aphyr.com/tags/vodpod
208,Vonata,https://www.glassdoor.co.in/Job/Vonata-Jobs-E397297.htm?&countryRedirect=true
209,Vurve,http://www.simplyhired.com/k-vurve-jobs.html
210,walmart,http://careers.walmart.com/
211,Watchguard,http://www.watchguard.com/wgrd-about/careers
212,weeby,http://www.weeby.co/jobs.html
213,Western Digital,http://www.wdc.com/en/company/employment/
214,Whisper Systems,https://whispersystems.org/workworkwork/
215,workday,http://www.workday.com/company/careers/jobs.php
216,Xantrion,https://www.xantrion.com/careers.html
217,Xerox,http://www.xerox.com/jobs/enus.html
218,Xilinx,http://www.xilinx.com/hr.html
219,Yahoo,https://careers.yahoo.com/in/
220,Yammer (https://www.yammer.com/about/jobs),
221,Yelp.com/careers,
222,YourSports,
223,Youtube.com,
224,Yummly,http://www.yummly.com/careers/
225,Zag.com,http://www.zagglobal.com/careers.html
226,zappos,https://jobs.zappos.com/
227,Zappos.com,https://jobs.zappos.com/
228,zenefits,https://www.zenefits.com/careers/
229,zocdoc,https://www.zocdoc.com/careers
